project,date,tag,num_source,num_dirs,num_files
dhcp,2020-01-21,v4_4_2_f1,108,33,750
dhcp,2020-01-20,v4_1_esv_r16,130,28,319
dhcp,2020-01-17,v4_4_2,108,33,750
dhcp,2019-12-17,v4_1_esv_r16b1_f1,130,27,315
dhcp,2019-12-17,v4_4_2b1_f2,108,32,745
dhcp,2019-12-12,v4_4_2b1_f1,108,32,745
dhcp,2019-12-11,v4_1_esv_r16b1,130,27,315
dhcp,2019-12-11,v4_4_2b1,108,32,745
dhcp,2018-02-21,v4_4_1_f1,108,27,318
dhcp,2018-02-20,v4_3_6_p1_f1,108,27,302
dhcp,2018-02-20,v4_4_1,108,27,318
dhcp,2018-02-16,v4_3_6_p1_f0,108,27,302
dhcp,2018-02-16,v4_1_esv_r15_p1_f0,130,27,315
dhcp,2018-01-29,v4_4_0_f1,108,27,317
dhcp,2018-01-26,v4_4_0,108,27,316
dhcp,2018-01-05,v4_4_0b1_f1,108,27,313
dhcp,2017-07-25,v4_1_esv_r15,130,27,314
dhcp,2017-07-25,v4_3_6,108,27,301
dhcp,2017-07-05,v4_1_esv_r15b1,130,27,314
dhcp,2017-07-05,v4_3_6b1,108,27,301
dhcp,2016-09-27,v4_3_5,123,28,319
dhcp,2016-09-27,v4_1_esv_r14,130,27,314
dhcp,2016-08-26,v4_1_esv_r14b1,130,27,314
dhcp,2016-08-26,v4_3_5b1,123,28,319
dhcp,2016-03-22,v4_1_esv_r13,130,27,314
dhcp,2016-03-22,v4_3_4,123,28,319
dhcp,2016-03-08,v4_1_esv_r13b1,130,27,314
dhcp,2016-03-07,v4_3_4b1,123,28,319
dhcp,2015-12-17,v4_1_esv_r12_p1,130,27,314
dhcp,2015-12-17,v4_3_3_p1,123,28,316
dhcp,2015-08-26,v4_3_3,123,28,316
dhcp,2015-08-26,v4_1_esv_r12,130,27,314
dhcp,2015-07-31,v4_1_esv_r12b1,130,27,314
dhcp,2015-07-30,v4_3_3b1,123,28,316
dhcp,2015-03-02,v4_2_8,129,28,315
dhcp,2015-02-26,v4_3_2,129,29,326
dhcp,2015-02-26,v4_1_esv_r11,130,27,314
dhcp,2015-02-23,v4_2_8_rc2,129,28,315
dhcp,2015-02-23,v4_1_esv_r11rc2,130,27,314
dhcp,2015-02-23,v4_3_2rc2,129,29,326
dhcp,2015-02-17,v4_2_8rc1,129,28,315
dhcp,2015-02-16,v4_1_esv_r11rc1,130,27,314
dhcp,2015-02-16,v4_3_2rc1,129,29,326
dhcp,2015-01-29,v4_2_8b1,129,28,314
dhcp,2015-01-29,v4_3_2b1,129,29,325
dhcp,2015-01-29,v4_1_esv_r11b1,130,27,313
dhcp,2015-01-08,v4_3_2.pre-beta,129,29,325
dhcp,2014-08-06,v4_1_esv_r10,130,27,312
dhcp,2014-08-06,v4_2_7,129,28,313
dhcp,2014-08-06,v4_3_1,129,29,324
dhcp,2014-07-28,v4_1_esv_r10rc1,130,27,312
dhcp,2014-07-28,v4_2_7rc1,129,28,313
dhcp,2014-07-28,v4_3_1rc1,129,29,324
dhcp,2014-07-02,v4_1_esv_r10b1,130,27,312
dhcp,2014-07-02,v4_2_7b1,129,28,313
dhcp,2014-07-02,v4_3_1b1,129,29,324
dhcp,2014-01-31,v4_1_esv_r9,130,27,312
dhcp,2014-01-31,v4_2_6,129,28,313
dhcp,2014-01-31,v4_3_0,129,28,315
dhcp,2014-01-27,v4_2_6rc1,129,28,313
dhcp,2014-01-28,v4_1_esv_r9rc1,130,27,312
dhcp,2014-01-26,v4_3_0rc1,129,28,315
dhcp,2014-01-21,v4_2_6b1,129,28,313
dhcp,2014-01-21,v4_1_esv_r9b1,130,27,312
dhcp,2014-01-16,v4_3_0b1,129,28,315
dhcp,2013-12-13,v4_3_0a1,129,28,315
dhcp,2013-03-14,v4_2_5_P1,129,28,305
dhcp,2013-01-03,v4_2_5,129,28,305
dhcp,2013-01-02,v4_1_esv_r8,130,27,304
dhcp,2012-12-14,v4_2_5rc1,129,28,305
dhcp,2012-12-13,v4_1_esv_r8rc1,130,27,304
dhcp,2012-12-05,v4_1_esv_r8b1,130,27,304
dhcp,2012-12-05,v4_2_5b1,129,28,305
dhcp,2012-08-28,v4_2_4_p2,129,26,287
dhcp,2012-08-23,v4_1_esv_r7,130,27,303
dhcp,2012-07-12,v4_1_esv_r6,130,25,286
dhcp,2012-07-12,v4_2_4_p1,129,26,287
dhcp,2012-05-24,v4_1_esv_r5,130,25,286
dhcp,2012-05-24,v4_2_4,129,26,287
dhcp,2012-05-17,v4_2_4rc2,129,26,287
dhcp,2012-05-17,v4_1_esv_r5rc2,130,25,286
dhcp,2012-04-18,v4_2_4rc1,129,26,287
dhcp,2012-04-18,v4_1_esv_r5rc1,130,25,286
dhcp,2012-04-11,v4_1_esv_r5b1,130,25,286
dhcp,2012-04-11,v4_2_4b1,129,26,287
dhcp,2012-02-23,v4_1_esv_R4_Oracle,130,25,286
dhcp,2011-12-31,v4_2_3_P2,129,26,287
dhcp,2011-11-28,v4_2_3_P1,129,26,287
dhcp,2011-11-28,v4_1_esv_r4,130,25,286
dhcp,2011-10-14,v4_2_3,129,26,287
dhcp,2011-10-05,v4_2_3rc1,129,26,287
dhcp,2011-07-20,v4_2_2,129,26,287
dhcp,2011-07-20,v4_1_esv_r3,130,25,286
dhcp,2011-07-19,v3_1_esv_r3,130,22,218
dhcp,2011-07-08,v4_2_2rc1,129,26,287
dhcp,2011-06-27,v4_1_esv_r3b1,130,25,286
dhcp,2011-06-27,v4_2_2b1,129,26,287
dhcp,2011-03-25,v4_1_esv_r2,130,25,286
dhcp,2011-03-24,v3_1_esv_r2,130,22,218
dhcp,2011-03-24,v4_2_1_P1,129,26,287
dhcp,2011-02-25,v4_2_1,129,26,287
dhcp,2011-02-18,v4_2_1rc1,129,26,287
dhcp,2011-01-21,v4_2_1b1,129,26,287
dhcp,2011-01-20,v4_1_esv_r1,130,25,286
dhcp,2011-01-20,v4_1_2_P1,130,25,286
dhcp,2010-12-09,v4_2_0_p2,129,26,287
dhcp,2010-12-03,v4_1_esv_r0,130,25,286
dhcp,2010-11-02,v4_0_3,130,24,282
dhcp,2010-11-02,v4_2_0_P1,129,26,287
dhcp,2010-11-02,v4_1_2,130,25,286
dhcp,2010-10-19,v4_0_3rc1,130,24,282
dhcp,2010-10-15,v4_1_2rc1,130,25,286
dhcp,2010-10-07,v4_0_3b1,130,24,282
dhcp,2010-10-06,v4_1_2b1,130,25,286
dhcp,2010-07-10,v4_2_0,129,26,287
dhcp,2010-06-25,v4_2_0rc1,129,26,287
dhcp,2010-06-03,v4_2_0b2,129,26,287
dhcp,2010-05-17,v4_0_2_P1,130,24,282
dhcp,2010-05-17,v4_1_1_P1,130,25,286
dhcp,2010-03-30,v4_2_0b1,129,26,287
dhcp,2010-03-20,v3_1_ESV,130,22,218
dhcp,2010-02-17,v4_2_0a2,129,25,281
dhcp,2010-01-19,v4_0_2,130,24,282
dhcp,2010-01-08,v4_1_1,130,25,286
dhcp,2009-12-21,v4_0_2rc1,130,24,282
dhcp,2009-12-02,v4_2_0a1,130,25,282
dhcp,2009-11-06,v4_1_1rc1,130,25,286
dhcp,2009-10-19,v4_0_2b3,130,24,282
dhcp,2009-10-13,v4_1_1b3,130,25,286
dhcp,2009-10-05,v3_1_3,130,22,218
dhcp,2009-09-17,v3_1_3rc1,130,22,218
dhcp,2009-09-01,v3_1_3b1,130,22,218
dhcp,2009-08-06,v4_0_2b2,130,24,282
dhcp,2009-07-24,v4_1_1b2,130,25,286
dhcp,2009-06-22,v3_1_2p1,130,22,218
dhcp,2009-06-22,v4_0_1p1,130,24,282
dhcp,2009-06-22,v4_1_0p1,130,25,286
dhcp,2009-04-30,v4_0_2b1,130,24,282
dhcp,2009-03-25,v4_1_1b1,130,25,286
dhcp,2008-12-24,v4_0_1,130,24,282
dhcp,2008-12-23,v3_1_2,130,22,218
dhcp,2008-12-08,v4_1_0,130,25,286
dhcp,2008-12-02,v3_1_2rc1,130,22,218
dhcp,2008-12-02,v4_0_1rc1,130,24,282
dhcp,2008-11-19,v4_1_0rc1,130,25,286
dhcp,2008-11-03,v4_1_0b1,130,25,285
dhcp,2008-10-28,v4_0_1b1,130,24,282
dhcp,2008-10-12,v3_1_2b1,130,22,218
dhcp,2008-08-29,v4_1_0a2,130,24,282
dhcp,2008-05-14,v3_0_7,130,22,221
dhcp,2008-05-13,v3_1_1,130,22,218
dhcp,2008-04-22,v3_0_7rc1,130,22,221
dhcp,2008-04-17,v3_1_1rc2,130,22,218
dhcp,2008-03-24,v3_1_1rc1,130,22,218
dhcp,2008-03-18,v3_0_7b1,130,22,221
dhcp,2008-02-25,v3_1_1b1,130,22,218
dhcp,2008-02-05,v3_1_0_PBSG0,130,22,218
dhcp,2008-01-28,v4_1_0a1,130,24,282
dhcp,2007-12-14,v4_0_0,130,24,282
dhcp,2007-12-11,v4_0_0rc1,130,24,282
dhcp,2007-11-14,v4_0_0b3,130,23,267
dhcp,2007-10-24,v4_0_0b2,130,23,267
dhcp,2007-10-05,v4_0_0b1,130,23,267
dhcp,2007-09-13,v3_0_4_PBSG1,130,22,221
dhcp,2007-09-12,v4_0_0a3,130,23,267
dhcp,2007-07-13,v3_1_0,130,22,218
dhcp,2007-07-10,v4_0_0a2,130,23,267
dhcp,2007-07-02,v3_1_0rc2,130,22,218
dhcp,2007-06-28,v3_0_6,130,22,221
dhcp,2007-06-11,v3_0_6rc2,130,22,221
dhcp,2007-05-31,v3_0_6rc1,130,22,221
dhcp,2007-05-24,v3_1_0b2,130,22,218
dhcp,2007-05-19,v4_0_0a1,130,23,265
dhcp,2007-05-04,v3_0_6b1,130,22,221
dhcp,2007-04-13,v4_0_0_2007041300,130,23,250
dhcp,2007-02-16,v3_1_0b1,130,22,217
dhcp,2007-01-11,v3_1_0a3,130,22,217
dhcp,2006-11-15,v3_1_0a2,130,22,217
dhcp,2006-10-26,v3_0_5,130,22,221
dhcp,2006-10-26,dhcp-4_0_0s20061026-0,130,23,252
dhcp,2006-10-03,v3_0_5rc3,130,22,221
dhcp,2006-09-22,v3_0_4_PBSG0,130,22,221
dhcp,2006-08-29,v3_1_0a1,130,22,217
dhcp,2006-08-24,v3_0_5rc2,130,22,221
dhcp,2006-08-09,DHCPv6_socket_pre_parsing,130,22,221
dhcp,2006-08-08,v3_0_5rc1,130,22,221
dhcp,2006-07-25,DHCPv6_socket_base,130,22,221
dhcp,2006-07-22,DHCPv6_parsing_base,130,22,221
dhcp,2006-07-20,v3_0_5b1,130,22,221
dhcp,2006-04-27,V3-0-4,130,22,221
dhcp,2006-03-09,V3-0-4RC1,130,22,221
dhcp,2006-02-22,V3-0-4-BETA-3,130,22,221
dhcp,2005-12-13,V3-0-3-PBSG0,130,22,221
dhcp,2005-11-03,V3-0-4-BETA-2,130,22,221
dhcp,2005-10-14,V3-0-4-BETA-1,130,22,221
dhcp,2005-07-22,SUPPORT-UCSC-V3-0-3_base,130,22,221
dhcp,2005-07-07,HEAD-MERGE-V3-0-3RC1,130,22,221
dhcp,2005-06-16,V3-0-3RC1,130,22,221
dhcp,2005-05-24,V3-0-3-BETA-3,130,22,221
dhcp,2005-05-02,V3-0-3-BETA-2,130,22,221
dhcp,2005-04-01,HEAD-MERGE-V3-0-3RC1_base,130,22,221
dhcp,2005-03-17,HEAD-MERGE-V3-0-3B1,130,22,221
dhcp,2005-03-03,V3-0-3-BETA-1,130,22,221
dhcp,2005-02-17,V3-0-2-PBSG0,130,22,220
dhcp,2005-02-15,V3-0-2,130,22,220
dhcp,2004-12-04,V3-0-2RC3,130,22,220
dhcp,2004-11-05,V3-0-2RC2,130,22,220
dhcp,2004-10-12,V3-0-2RC1,130,22,220
dhcp,2004-10-05,V3-0-2-BETA-1,130,22,220
dhcp,2004-07-14,V3-0-1,131,22,220
dhcp,2004-06-17,V3-0-1RC14,131,22,220
dhcp,2004-02-04,V3-0-1RC13,130,22,219
dhcp,2003-07-26,V3-0-1RC12,130,22,221
dhcp,2003-01-14,V3-0-1RC11,130,22,220
dhcp,2003-01-14,V3-0-0-PATCH-2,131,20,224
dhcp,2002-11-07,V3-0-1RC10,130,21,218
dhcp,2002-04-30,V3-0-1RC9,130,20,212
dhcp,2002-04-30,V3-0-0-PATCH-1,131,20,224
dhcp,2002-02-21,V3-0-1RC8,130,20,212
dhcp,2002-02-20,V3-0-1RC7,130,20,212
dhcp,2002-01-17,V3-0-1RC6,130,20,212
dhcp,2002-01-14,V3-0-1RC5,130,20,212
dhcp,2001-11-06,V3-0-1RC4,130,20,212
dhcp,2001-10-30,V3-0-1RC2,130,20,223
dhcp,2001-10-17,V3-0-1RC1,130,20,223
dhcp,2001-10-05,V3,131,20,224
dhcp,2001-08-23,V3-RC12,131,20,225
dhcp,2001-08-14,V3-RC11,131,20,225
dhcp,2001-06-29,V3-RC10,131,20,225
dhcp,2001-06-29,V3-RC9,131,20,225
dhcp,2001-06-26,V3-RC8-PATCH-2,131,20,225
dhcp,2001-06-22,V3-RC8-PATCH-1,131,20,225
dhcp,2001-06-05,V3-RC8,131,20,225
dhcp,2001-05-17,V3-RC7,131,20,224
dhcp,2001-05-12,V3-RC6,131,20,224
dhcp,2001-05-10,V3-RC5,131,20,224
dhcp,2001-04-30,V3_RC4,132,20,224
dhcp,2001-04-27,V3-RC3,132,20,224
dhcp,2001-04-24,V3-RC2-PATCH-1,132,20,224
dhcp,2001-04-20,V3-RC2,132,18,221
dhcp,2001-04-18,V3-RC1-PATCH-1,132,18,220
dhcp,2001-04-17,V3-RC1,132,18,220
dhcp,2001-04-06,V3-BETA-2-PATCH-24,132,18,220
dhcp,2001-03-22,V3-BETA-2-PATCH-23,132,18,220
dhcp,2001-03-20,V3-BETA-2-PATCH-22,132,18,220
dhcp,2001-03-20,V3-BETA-2-PATCH-21,132,18,220
dhcp,2001-03-17,V3-BETA-2-PATCH-20,132,18,220
dhcp,2001-03-16,V3-BETA-2-PATCH-19,132,18,220
dhcp,2001-02-22,V3-BETA-2-PATCH-18,132,18,220
dhcp,2001-01-26,V3-BETA-2-PATCH-16,132,17,213
dhcp,2001-01-25,V3-BETA-2-PATCH-15,132,17,213
dhcp,2001-01-19,V3-BETA-2-PATCH-14,132,17,213
dhcp,2001-01-17,V3-BETA-2-PATCH-13,132,17,213
dhcp,2001-01-17,V3-BETA-2-PATCH-12,132,17,213
dhcp,2000-11-30,V3-BETA-2-PATCH-11,131,17,211
dhcp,2000-11-29,V3-BETA-2-PATCH-10,131,17,211
dhcp,2000-11-28,V3-BETA-1-PATCH-11,136,17,227
dhcp,2000-10-15,V3-BETA-2-PATCH-9,131,17,211
dhcp,2000-10-14,V3-BETA-2-PATCH-8,131,17,211
dhcp,2000-10-13,V3-BETA-2-PATCH-7,131,17,211
dhcp,2000-09-29,V3-BETA-2-PATCH-6,131,17,211
dhcp,2000-09-20,V3-BETA-2-PATCH-5,131,17,213
dhcp,2000-09-14,V3-BETA-2-PATCH-4,132,17,213
dhcp,2000-09-08,V3-BETA-2-PATCH-3,132,17,213
dhcp,2000-09-06,V2-0-5,112,10,105
dhcp,2000-09-04,V3-BETA-2-PATCH-2,132,17,213
dhcp,2000-09-02,V3-BETA-2-PATCH-1,132,17,213
dhcp,2000-08-03,V2-0-4,112,10,105
dhcp,2000-07-20,V2-0-3,112,10,105
dhcp,2000-07-20,V3-BETA-1-PATCH-17,114,11,134
dhcp,2000-07-04,V3-BETA-1-PATCH-16,114,11,134
dhcp,2000-07-01,V3-BETA-1-PATCH-15,114,11,134
dhcp,2000-06-30,V2-0-2,112,10,105
dhcp,2000-06-24,V3-BETA-1-PATCH-14,114,11,134
dhcp,2000-06-24,V2-0-1,112,10,105
dhcp,2000-02-02,V3-BETA-1-PATCH-13,114,11,134
dhcp,1999-11-24,BCTEL_SPECIAL_19991124,115,15,171
dhcp,1999-11-13,V3-BETA-1-PATCH-12,114,11,134
dhcp,1999-11-04,V3-BETA-1-PATCH-10,114,11,134
dhcp,1999-10-28,V3-BETA-1-PATCH-8,114,11,134
dhcp,1999-10-28,V3-BETA-1-PATCH-7,114,11,134
dhcp,1999-10-27,V3-BETA-1-PATCH-6,114,11,135
dhcp,1999-10-26,V3-BETA-1-PATCH-5,114,11,135
dhcp,1999-10-25,V3-BETA-1-PATCH-4,114,10,132
dhcp,1999-10-25,V3-BETA-1-PATCH-3,114,10,132
dhcp,1999-10-07,V3-BETA-1-PATCH-2,114,10,130
dhcp,1999-10-07,V3-BETA-1-PATCH-1,114,10,130
dhcp,1999-07-07,V3-0-1RC3,108,0,3
dhcp,1999-07-07,V3-BETA-1-PATCH-0,114,10,129
dhcp,1999-06-22,V2-0-0,112,10,105
dhcp,1999-06-10,V2-BETA-1-PATCH-29,112,10,106
dhcp,1999-06-10,V3-ALPHA-19990608,113,10,126
dhcp,1999-05-28,V3-ALPHA-19990527,113,10,126
dhcp,1999-05-27,V2-BETA-1-PATCH-28,112,10,106
dhcp,1999-05-07,V3-ALPHA-19990507,113,10,124
dhcp,1999-05-06,V3-ALPHA-19990506,113,10,123
dhcp,1999-04-25,V3-ALPHA-19990424,113,10,123
dhcp,1999-04-24,V2-BETA-1-PATCH-27,112,10,103
dhcp,1999-04-24,V3-ALPHA-19990423,113,10,123
dhcp,1999-04-12,V2-BETA-1-PATCH-26,112,10,103
dhcp,1999-04-12,V3-ALPHA-19990412,113,10,123
dhcp,1999-04-09,V2-BETA-1-PATCH-25,112,10,103
dhcp,1999-04-08,V2-BETA-1-PATCH-24,112,10,103
dhcp,1999-04-08,V3-ALPHA-19990408,113,10,123
dhcp,1999-03-30,V2-BETA-1-PATCH-23,112,10,102
dhcp,1999-03-30,V3-ALPHA-19990330,113,10,123
dhcp,1999-03-30,V2-BETA-1-PATCH-22,112,10,102
dhcp,1999-03-30,V2-BETA-1-PATCH-21,112,10,102
dhcp,1999-03-29,V2-BETA-1-PATCH-20,112,10,102
dhcp,1999-03-29,V3-ALPHA-19990329A,113,10,123
dhcp,1999-03-29,V3-ALPHA-19990329,113,10,123
dhcp,1999-03-26,V3-ALPHA-19990326,113,10,123
dhcp,1999-03-26,V2-BETA-1-PATCH-19,112,10,102
dhcp,1999-03-16,V3-ALPHA-19990315,113,10,121
dhcp,1999-03-05,V2-BETA-1-PATCH-18,112,10,101
dhcp,1999-02-27,V2-BETA-1-PATCH-17,112,10,101
dhcp,1999-02-24,V2-BETA-1-PATCH-16,112,10,101
dhcp,1999-02-23,V2-BETA-1-PATCH-15,112,10,101
dhcp,1999-02-19,V2-BETA-1-PATCH-14,112,10,101
dhcp,1999-02-16,V2-BETA-1-PATCH-13,112,10,101
dhcp,1999-02-13,V2-BETA-1-PATCH-12,112,10,101
dhcp,1999-02-09,V2-BETA-1-PATCH-11,112,10,101
dhcp,1999-02-05,V2-BETA-1-PATCH-10,112,10,101
dhcp,1999-02-03,V2-BETA-1-PATCH-9,112,10,101
dhcp,1998-12-23,V2-BETA-1-PATCH-8,114,13,107
dhcp,1998-12-22,V2-BETA-1-PATCH-7,114,13,107
dhcp,1998-11-11,carrel-2,117,13,124
dhcp,1998-06-26,V2-BETA-1-PATCHLEVEL-6,112,10,100
dhcp,1998-06-26,V2-BETA-1-PATCH-5,112,10,100
dhcp,1998-06-26,V2-BETA-1-PATCH-4,112,10,100
dhcp,1998-06-26,V2-BETA-1-PATCH-3,112,10,100
dhcp,1998-06-25,V2-BETA-1-PATCH-2,112,10,100
dhcp,1998-06-25,V2-BETA-2,112,10,98
dhcp,1998-06-25,V2-BETA-1,112,10,98
dhcp,1998-06-25,V1-0-2,132,4,62
dhcp,1998-05-18,V1-0-1,132,4,62
dhcp,1997-12-06,V1-0-0,132,4,62
dhcp,1997-12-02,DHCP-971202,115,12,110
dhcp,1997-12-02,BETA_5_17,132,4,66
dhcp,1997-11-22,DHCP-971122,115,12,110
dhcp,1997-10-20,NetBSD_1_3_Alpha,115,11,100
dhcp,1997-06-10,DHCP-970609,112,9,92
dhcp,1997-06-08,DHCP-970607,112,9,92
dhcp,1997-06-06,DHCP-970605,112,9,92
dhcp,1997-06-03,DHCP-970602,112,9,92
dhcp,1997-05-09,BETA_5_16,132,4,65
dhcp,1997-03-29,DHCP-970329,112,9,86
dhcp,1997-03-29,BETA_5_15,133,4,66
dhcp,1997-03-29,DHCP-970328,112,9,86
dhcp,1997-03-06,DHCP-970306,111,9,81
dhcp,1997-03-05,DHCP-970305A,111,9,81
dhcp,1997-03-05,DHCP-970305,111,9,81
dhcp,1997-02-27,DHCP_970226A,111,9,80
dhcp,1997-02-26,DHCP_970226,109,9,64
dhcp,1997-02-26,DHCP_970225,109,9,64
dhcp,1997-02-22,DHCP_970222,109,9,64
dhcp,1996-11-08,BETA_5_14,133,4,66
dhcp,1996-09-13,BETA_5_13,133,4,66
dhcp,1996-09-12,BETA_5_12,133,4,66
dhcp,1996-09-11,BETA_5_11,133,4,66
dhcp,1996-09-11,BETA_5_10,133,4,66
dhcp,1996-09-09,BETA_5_9,133,4,66
dhcp,1996-09-05,BETA_5_8,133,4,66
dhcp,1996-09-04,BETA_5_7,133,4,66
dhcp,1996-09-02,BETA_5_6,133,4,66
dhcp,1996-08-30,BETA_5_4,133,4,66
dhcp,1996-08-29,BETA_5_2,133,4,66
dhcp,1996-08-29,BETA_5_1,133,4,66
dhcp,1996-08-29,BETA_5_0,133,4,66
dhcp,1996-08-29,BETA_5,133,4,65
dhcp,1996-07-07,BETA_4_7,132,4,62
dhcp,1996-06-27,BETA_4_6,132,4,62
dhcp,1996-06-12,BETA_4_5,132,4,62
dhcp,1996-06-11,BETA_4_4,132,4,61
dhcp,1996-06-04,BETA_4_3,132,4,61
dhcp,1996-06-01,BETA_4_2,132,4,61
dhcp,1996-05-28,BETA_4_PL1,132,4,61
dhcp,1996-05-25,BETA_4,132,4,61
dhcp,1996-05-23,BETA_3,132,4,61
dhcp,1996-05-22,BETA-2,132,4,61
dhcp,1996-03-16,BETA-1,127,7,71
dhcp,1996-03-06,BETA-0,127,7,65
dhcp,1996-03-02,SS960301,127,7,56
dhcp,1996-02-26,SS960225,126,7,55
dnsmasq,2020-04-08,v2.81,43,34,176
dnsmasq,2020-04-04,v2.81rc5,43,34,176
dnsmasq,2020-03-17,v2.81rc4,43,34,176
dnsmasq,2020-03-08,v2.81rc3,43,34,176
dnsmasq,2020-03-05,v2.81rc2,43,34,176
dnsmasq,2020-03-02,v2.81rc1,43,34,176
dnsmasq,2018-10-18,v2.80,43,33,171
dnsmasq,2018-10-08,v2.80rc1,43,33,171
dnsmasq,2018-10-06,v2.80test8,43,33,171
dnsmasq,2018-09-26,v2.80test7,43,33,171
dnsmasq,2018-09-08,v2.80test6,43,33,170
dnsmasq,2018-09-03,v2.80test5,43,33,170
dnsmasq,2018-08-23,v2.80test4,43,33,170
dnsmasq,2018-07-20,v2.80test3,41,33,167
dnsmasq,2018-04-15,v2.80test2,40,33,166
dnsmasq,2018-04-10,v2.80test1,40,33,166
dnsmasq,2018-03-17,v2.79,40,33,165
dnsmasq,2018-03-10,v2.79rc2,40,33,165
dnsmasq,2018-02-14,v2.79rc1,40,33,166
dnsmasq,2017-10-10,v2.79test1,39,33,165
dnsmasq,2017-10-02,v2.78,39,33,165
dnsmasq,2017-06-25,v2.78test2,39,33,163
dnsmasq,2017-06-15,v2.78test1,39,33,163
dnsmasq,2017-05-22,v2.77,39,33,163
dnsmasq,2017-05-21,v2.77rc5,39,33,163
dnsmasq,2017-05-12,v2.77rc4,39,33,163
dnsmasq,2017-05-11,v2.77rc3,39,33,162
dnsmasq,2017-05-10,v2.77rc2,39,33,162
dnsmasq,2017-05-09,v2.77rc1,39,33,162
dnsmasq,2017-04-28,v2.77test5,39,33,162
dnsmasq,2017-02-19,v2.77test4,39,33,162
dnsmasq,2017-02-10,v2.77test3,39,33,162
dnsmasq,2017-02-06,v2.77test2,39,33,162
dnsmasq,2017-01-26,v2.77test1,39,33,162
dnsmasq,2016-05-18,v2.76,39,33,160
dnsmasq,2016-05-14,v2.76rc2,39,33,160
dnsmasq,2016-05-10,v2.76rc1,39,33,160
dnsmasq,2016-05-01,v2.76test13,38,32,158
dnsmasq,2016-03-03,v2.76test12,38,32,158
dnsmasq,2016-02-28,v2.76test11,38,32,158
dnsmasq,2016-02-17,v2.76test10,38,32,158
dnsmasq,2016-02-17,v2.76test9,38,32,158
dnsmasq,2016-01-25,v2.76test8,38,32,158
dnsmasq,2016-01-19,v2.76test7,38,32,158
dnsmasq,2016-01-18,v2.76test6,38,32,158
dnsmasq,2016-01-14,v2.76test5,38,32,158
dnsmasq,2016-01-04,v2.76test4,38,32,158
dnsmasq,2016-01-04,v2.76test2,38,32,158
dnsmasq,2015-07-30,v2.75,35,32,155
dnsmasq,2015-07-27,v2.74,35,32,155
dnsmasq,2015-07-27,v2.74rc4,35,32,155
dnsmasq,2015-07-16,v2.74rc3,35,32,155
dnsmasq,2015-07-16,v2.74rc2,35,32,155
dnsmasq,2015-07-13,v2.74rc1,35,32,155
dnsmasq,2015-07-12,v2.74test2,35,32,155
dnsmasq,2015-07-07,v2.74test1,34,32,154
dnsmasq,2015-06-12,v2.73,34,32,154
dnsmasq,2015-06-10,v2.73rc10,34,32,154
dnsmasq,2015-06-06,v2.73rc9,34,32,154
dnsmasq,2015-05-15,v2.73rc8,34,32,154
dnsmasq,2015-04-28,v2.73rc7,34,32,154
dnsmasq,2015-04-22,v2.73rc6,34,32,154
dnsmasq,2015-04-21,v2.73rc5,34,32,154
dnsmasq,2015-04-09,v2.73rc4,34,32,154
dnsmasq,2015-03-30,v2.73rc2,34,32,154
dnsmasq,2015-03-19,v2.73rc1,34,32,154
dnsmasq,2015-01-20,v2.73test5,34,31,152
dnsmasq,2015-01-12,v2.73test4,34,31,152
dnsmasq,2015-01-07,v2.73test3,34,31,152
dnsmasq,2014-12-23,v2.73test2,34,31,152
dnsmasq,2014-12-17,v2.73test1,34,31,152
dnsmasq,2014-09-23,v2.72,33,31,151
dnsmasq,2014-09-18,v2.72rc2,33,31,151
dnsmasq,2014-09-09,v2.72rc1,33,31,151
dnsmasq,2014-06-07,v2.72test3,32,31,150
dnsmasq,2014-06-05,v2.72test2,32,31,150
dnsmasq,2014-05-20,v2.72test1,31,31,149
dnsmasq,2014-05-16,v2.71,31,31,149
dnsmasq,2014-05-09,v2.71test2,31,31,149
dnsmasq,2014-04-24,v2.71test1,31,31,149
dnsmasq,2014-04-24,v2.70,31,31,149
dnsmasq,2014-04-09,v2.69,31,31,149
dnsmasq,2014-03-29,v2.69rc3,31,31,149
dnsmasq,2014-03-28,v2.69rc2,31,31,149
dnsmasq,2014-03-22,v2.69rc1,31,31,149
dnsmasq,2014-03-01,v2.69test11,31,31,149
dnsmasq,2014-03-01,v2.69test10,31,31,149
dnsmasq,2014-02-24,v2.69test9,31,31,149
dnsmasq,2014-02-11,v2.69test8,31,31,149
dnsmasq,2014-02-06,v2.69test7,31,31,149
dnsmasq,2014-02-04,v2.69test6,31,31,149
dnsmasq,2014-02-04,v2.69test5,31,31,148
dnsmasq,2014-02-03,v2.69test4,31,31,148
dnsmasq,2014-01-11,v2.69test3,32,31,149
dnsmasq,2013-12-18,v2.69test2,29,31,144
dnsmasq,2013-12-09,v2.69test1,29,31,144
dnsmasq,2013-12-08,v2.68,29,31,144
dnsmasq,2013-12-03,v2.68rc5,29,31,144
dnsmasq,2013-11-26,v2.68rc4,29,31,144
dnsmasq,2013-11-25,v2.68rc3,29,31,144
dnsmasq,2013-11-22,v2.68rc2,29,31,144
dnsmasq,2013-11-21,v2.68rc1,29,31,144
dnsmasq,2013-11-15,v2.68test2,29,31,144
dnsmasq,2013-10-28,v2.68test1,29,31,144
dnsmasq,2013-10-25,v2.67,29,31,144
dnsmasq,2013-10-16,v2.67rc4,29,31,144
dnsmasq,2013-10-08,v2.67test18,29,31,144
dnsmasq,2013-10-03,v2.67rc3,29,31,144
dnsmasq,2013-10-01,v2.67rc2,29,31,144
dnsmasq,2013-10-01,v2.67rc1,29,31,144
dnsmasq,2013-09-30,v2.67test17,29,31,144
dnsmasq,2013-09-23,v2.67test16,29,30,143
dnsmasq,2013-09-20,v2.67test15,29,30,143
dnsmasq,2013-09-13,v2.67test14,29,30,143
dnsmasq,2013-09-11,v2.67test13,29,30,142
dnsmasq,2013-09-09,v2.67test12,29,30,142
dnsmasq,2013-09-09,v2.67test11,29,30,142
dnsmasq,2013-09-04,v2.67test10,29,30,142
dnsmasq,2013-07-26,v2.67test9,29,30,142
dnsmasq,2013-07-26,v2.67test8,29,30,142
dnsmasq,2013-05-31,v2.67test7,29,30,142
dnsmasq,2013-05-29,v2.67test6,29,30,142
dnsmasq,2013-05-20,v2.67test5,29,30,142
dnsmasq,2013-05-14,v2.67test4,29,30,142
dnsmasq,2013-04-24,v2.67test3,29,30,142
dnsmasq,2013-04-22,v2.67test2,28,30,141
dnsmasq,2013-04-19,v2.67test1,28,30,141
dnsmasq,2013-04-17,v2.66,28,30,141
dnsmasq,2013-04-10,v2.66rc5,28,30,141
dnsmasq,2013-04-02,v2.66rc4,28,30,141
dnsmasq,2013-03-30,v2.66rc3,28,30,141
dnsmasq,2013-03-22,v2.66rc2,28,30,141
dnsmasq,2013-03-21,v2.66rc1,28,30,141
dnsmasq,2013-03-19,v2.66test23,28,30,141
dnsmasq,2013-03-15,v2.66test22,28,30,141
dnsmasq,2013-03-07,v2.66test21,28,30,141
dnsmasq,2013-03-06,v2.66test20,28,30,141
dnsmasq,2013-03-06,v2.66test19,28,30,141
dnsmasq,2013-03-06,v2.66test18,28,30,141
dnsmasq,2013-03-06,v2.66test17,28,30,141
dnsmasq,2013-02-19,v2.66test16,27,30,140
dnsmasq,2013-02-18,v2.66test15,27,30,140
dnsmasq,2013-02-17,v2.66test14,27,30,140
dnsmasq,2013-01-29,v2.66test13,27,30,140
dnsmasq,2013-01-22,v2.66test12,27,30,140
dnsmasq,2013-01-17,v2.66test11,27,30,140
dnsmasq,2013-01-15,v2.66test10,27,30,140
dnsmasq,2013-01-14,v2.66test9,27,30,140
dnsmasq,2013-01-10,v2.66test8,27,30,140
dnsmasq,2013-01-09,v2.66test7,27,30,140
dnsmasq,2013-01-07,v2.66test6,27,30,140
dnsmasq,2013-01-02,v2.66test5,27,30,140
dnsmasq,2012-12-28,v2.66test4,27,30,140
dnsmasq,2012-12-21,v2.66test3,27,30,140
dnsmasq,2012-12-18,v2.66test2,27,30,140
dnsmasq,2012-12-14,v2.66test1,27,30,140
dnsmasq,2012-12-14,v2.65,26,30,138
dnsmasq,2012-12-10,v2.65test4,27,30,140
dnsmasq,2012-12-09,v2.65test3,27,30,139
dnsmasq,2012-12-07,v2.65test2,27,30,139
dnsmasq,2012-12-04,v2.65test1,27,30,139
dnsmasq,2012-12-03,v2.64,26,30,138
dnsmasq,2012-12-01,v2.64rc2,26,30,138
dnsmasq,2012-11-14,v2.64rc1,26,30,138
dnsmasq,2012-10-23,v2.64test7,26,30,138
dnsmasq,2012-09-27,v2.64test6,25,29,137
dnsmasq,2012-09-24,v2.64test5,25,29,137
dnsmasq,2012-09-08,v2.64test4,25,29,137
dnsmasq,2012-09-05,v2.64test3,25,29,137
dnsmasq,2012-08-30,v2.64test2,25,29,137
dnsmasq,2012-08-29,v2.64test1,25,29,137
dnsmasq,2012-08-16,v2.63,25,29,135
dnsmasq,2012-08-12,v2.63rc5,25,29,135
dnsmasq,2012-08-10,v2.63rc4,25,29,135
dnsmasq,2012-08-09,v2.63rc3,25,29,135
dnsmasq,2012-08-06,v2.63rc2,25,29,135
dnsmasq,2012-07-29,v2.63rc1,25,29,134
dnsmasq,2012-07-16,v2.63test3,25,29,134
dnsmasq,2012-06-26,v2.63test2,25,29,134
dnsmasq,2012-06-20,v2.63test1,25,29,134
dnsmasq,2012-06-04,v2.62,25,29,134
dnsmasq,2012-06-04,v2.62rc3,25,29,133
dnsmasq,2012-05-29,v2.62rc2,25,29,133
dnsmasq,2012-05-28,v2.62rc1,25,29,133
dnsmasq,2012-05-21,v2.62test4,25,29,133
dnsmasq,2012-05-21,v2.62test3,25,29,133
dnsmasq,2012-05-18,v2.62test2,25,29,133
dnsmasq,2012-05-12,v2.62test1,25,29,133
dnsmasq,2012-04-28,v2.61,25,29,133
dnsmasq,2012-04-27,v2.61rc4,25,29,133
dnsmasq,2012-04-20,v2.61rc3,25,29,133
dnsmasq,2012-04-16,v2.61rc2,25,29,133
dnsmasq,2012-04-05,v2.61rc1,25,29,133
dnsmasq,2012-04-04,v2.61test11,25,29,133
dnsmasq,2012-03-31,v2.61test10,25,29,133
dnsmasq,2012-03-28,v2.61test9,25,29,133
dnsmasq,2012-03-25,v2.61test8,25,29,133
dnsmasq,2012-03-20,v2.61test7,25,29,133
dnsmasq,2012-03-19,v2.61test6,25,29,133
dnsmasq,2012-03-16,v2.61test5,24,29,132
dnsmasq,2012-03-12,v2.61test4,24,29,132
dnsmasq,2012-03-10,v2.61test3,24,29,132
dnsmasq,2012-03-10,v2.61test2,24,29,132
dnsmasq,2012-03-04,v2.60,24,29,132
dnsmasq,2012-03-01,v2.60rc5,24,29,132
dnsmasq,2012-02-29,v2.60rc4,24,29,132
dnsmasq,2012-02-29,v2.60rc3,24,29,132
dnsmasq,2012-02-29,v2.60rc2,24,29,132
dnsmasq,2012-02-28,v2.60rc1,24,29,132
dnsmasq,2012-02-27,v2.60test18,24,29,132
dnsmasq,2012-02-26,v2.60test17,24,29,132
dnsmasq,2012-02-24,v2.60test16,24,29,132
dnsmasq,2012-02-24,v2.60test15,24,29,132
dnsmasq,2012-02-24,v2.60test14,24,29,132
dnsmasq,2012-02-18,v2.60test13,22,29,129
dnsmasq,2012-02-16,v2.60test12,22,29,129
dnsmasq,2012-02-14,v2.60test11,22,29,129
dnsmasq,2012-01-18,v2.60test10,21,29,129
dnsmasq,2012-01-11,v2.60test9,21,29,129
dnsmasq,2012-01-11,v2.60test8,21,29,129
dnsmasq,2012-01-06,v2.60test7,21,29,129
dnsmasq,2011-10-19,v2.59,19,27,106
dnsmasq,2011-08-26,v2.58,19,27,106
dnsmasq,2011-02-18,v2.57,18,25,99
dnsmasq,2011-02-14,v2.56,18,25,95
dnsmasq,2010-06-07,v2.55,18,24,91
dnsmasq,2010-06-03,v2.53,18,24,91
dnsmasq,2010-01-22,v2.52,18,23,89
dnsmasq,2009-10-13,v2.51,18,21,85
dnsmasq,2009-08-31,v2.50,18,21,85
dnsmasq,2009-06-10,v2.49,18,21,85
dnsmasq,2009-06-04,v2.48,18,21,85
dnsmasq,2009-02-05,v2.47,18,21,82
dnsmasq,2008-11-14,v2.46,18,20,80
dnsmasq,2008-07-20,v2.45,19,20,81
dnsmasq,2008-07-20,v2.44,19,20,81
dnsmasq,2008-07-11,v2.43,19,20,81
dnsmasq,2008-05-30,v2.42,19,20,81
dnsmasq,2008-02-12,v2.41,19,19,79
dnsmasq,2007-08-29,v2.40,19,18,77
dnsmasq,2007-04-29,v2.39,18,17,74
dnsmasq,2007-02-12,v2.38,17,17,73
dnsmasq,2007-02-05,v2.37,17,17,73
dnsmasq,2007-01-21,v2.36,17,17,74
dnsmasq,2006-10-28,v2.35,16,16,71
dnsmasq,2006-10-16,v2.34,16,16,71
dnsmasq,2006-08-05,v2.33,15,14,66
dnsmasq,2006-06-09,v2.32,14,13,61
dnsmasq,2006-05-06,v2.31,14,12,59
dnsmasq,2006-04-23,v2.30,14,11,60
dnsmasq,2006-04-22,v2.29,14,11,60
dnsmasq,2006-04-17,v2.28,14,11,60
dnsmasq,2006-03-16,v2.27,13,11,59
dnsmasq,2006-01-22,v2.26,13,11,59
dnsmasq,2006-01-14,v2.25,13,11,58
dnsmasq,2005-11-26,v2.24,13,11,56
dnsmasq,2005-08-29,v2.23,13,8,43
dnsmasq,2005-03-31,v2.22,12,5,34
dnsmasq,2005-03-23,v2.21,12,5,34
dnsmasq,2005-01-23,v2.20,11,5,33
dnsmasq,2004-12-13,v2.19,11,5,33
dnsmasq,2004-11-21,v2.18,11,5,33
dnsmasq,2004-11-14,v2.17,11,5,33
dnsmasq,2004-10-21,v2.16,11,5,33
dnsmasq,2004-09-20,v2.15,11,4,32
dnsmasq,2004-09-11,v2.14,11,4,32
dnsmasq,2004-08-13,v2.13,11,4,32
dnsmasq,2004-08-11,v2.12,11,4,32
dnsmasq,2004-08-02,v2.11,11,4,32
dnsmasq,2004-07-27,v2.10,11,4,32
dnsmasq,2004-06-22,v2.9,11,2,28
dnsmasq,2004-05-13,v2.8,11,2,28
dnsmasq,2004-04-23,v2.7,11,2,28
dnsmasq,2004-04-03,v2.6,11,2,28
dnsmasq,2004-03-16,v2.5,10,2,28
dnsmasq,2004-03-12,v2.4,10,2,28
dnsmasq,2004-03-10,v2.3,10,2,28
dnsmasq,2004-01-30,v2.2,10,2,28
dnsmasq,2004-01-29,v2.1,10,2,28
dnsmasq,2004-01-22,v2.0,10,2,27
flask,2020-04-03,1.1.2,73,43,221
flask,2020-02-10,0.12.5,110,45,214
flask,2019-07-08,1.1.1,73,43,221
flask,2019-07-04,1.1.0,72,43,220
flask,2019-07-04,1.0.4,90,42,216
flask,2019-05-17,1.0.3,91,43,225
flask,2018-05-02,1.0.2,91,43,224
flask,2018-04-29,1.0.1,91,43,224
flask,2018-04-29,0.12.4,110,45,214
flask,2018-04-26,1.0,91,43,224
flask,2018-04-26,0.12.3,110,45,214
flask,2017-05-16,0.12.2,112,47,221
flask,2017-03-31,0.12.1,112,47,221
flask,2016-12-21,0.12,112,47,220
flask,2016-06-07,0.11.1,109,45,213
flask,2016-05-29,0.11,109,45,213
flask,2013-06-14,0.10.1,149,65,229
flask,2013-06-13,0.10,149,65,229
flask,2012-07-01,0.9,147,62,213
flask,2012-07-01,0.8.1,135,52,193
flask,2011-09-29,0.8,135,52,193
flask,2011-06-28,0.7,105,45,160
flask,2010-07-27,0.6,95,31,140
flask,2010-07-06,0.5,93,28,129
flask,2010-06-18,0.4,78,19,105
flask,2010-05-28,0.3,78,20,100
flask,2010-05-12,0.2,78,20,90
flask,2010-04-16,0.1,77,18,53
openssh-portable,2020-02-14,V_8_2_P1,276,29,747
openssh-portable,2019-10-09,V_8_1_P1,278,27,728
openssh-portable,2019-04-18,V_8_0_P1,281,27,725
openssh-portable,2018-10-17,V_7_9_P1,288,27,727
openssh-portable,2018-08-23,V_7_8_P1,288,27,719
openssh-portable,2018-04-02,V_7_7_P1,293,27,723
openssh-portable,2017-10-02,V_7_6_P1,296,25,686
openssh-portable,2017-03-20,V_7_5_P1,302,24,684
openssh-portable,2016-12-19,V_7_4_P1,302,23,682
openssh-portable,2016-07-28,V_7_3_P1,308,22,683
openssh-portable,2016-03-10,V_7_2_P2,308,20,676
openssh-portable,2016-02-26,V_7_2_P1,308,20,676
openssh-portable,2016-01-14,V_7_1_P2,312,20,675
openssh-portable,2015-08-21,V_7_1_P1,312,20,675
openssh-portable,2015-08-06,V_7_0_P1,312,20,675
openssh-portable,2015-07-01,V_6_9_P1,312,20,675
openssh-portable,2015-03-16,V_6_8_P1,312,20,673
openssh-portable,2014-10-07,V_6_7_P1,311,17,619
openssh-portable,2014-03-13,V_6_6_P1,311,12,506
openssh-portable,2014-01-30,V_6_5_P1,315,12,506
openssh-portable,2013-11-08,V_6_4_P1,312,12,472
openssh-portable,2013-09-13,V_6_3_P1,312,12,472
openssh-portable,2013-05-16,V_6_2_P2,313,12,471
openssh-portable,2013-03-22,V_6_2_P1,313,12,471
openssh-portable,2012-08-29,V_6_1_P1,315,12,463
openssh-portable,2012-04-20,V_6_0_P1,315,12,463
openssh-portable,2011-09-07,V_5_9_P1,315,12,460
openssh-portable,2011-05-05,V_5_8_P2,316,12,459
openssh-portable,2011-02-04,V_5_8_P1,316,12,459
openssh-portable,2011-01-22,V_5_7_P1,316,12,459
openssh-portable,2010-08-23,V_5_6_P1,313,12,448
openssh-portable,2010-04-10,V_5_5_P1,313,12,447
openssh-portable,2010-03-08,V_5_4_P1,313,12,447
openssh-portable,2009-09-26,V_5_3_P1,313,12,438
openssh-portable,2009-02-23,V_5_2_P1,311,12,434
openssh-portable,2008-07-21,V_5_1_P1,308,12,430
openssh-portable,2008-04-03,V_5_0_P1,308,12,419
openssh-portable,2008-03-27,V_4_9_P1,308,12,419
openssh-portable,2007-09-04,V_4_7_P1,308,12,413
openssh-portable,2007-03-06,V_4_6_P1,308,12,409
openssh-portable,2006-11-08,V_4_5_P1,308,12,409
openssh-portable,2006-09-26,V_4_4_P1,308,12,409
openssh-portable,2006-02-11,V_4_3_P2,306,11,390
openssh-portable,2006-02-01,V_4_3_P1,306,11,390
openssh-portable,2005-09-01,V_4_2_P1,305,11,387
openssh-portable,2005-05-25,V_4_1_P1,307,11,384
openssh-portable,2005-03-09,V_4_0_P1,307,11,384
openssh-portable,2004-08-17,V_3_9_P1,307,11,377
openssh-portable,2004-04-18,V_3_8_1_P1,307,11,374
openssh-portable,2004-02-24,V_3_8_P1,307,11,373
openssh-portable,2003-09-23,V_3_7_1_P2,306,11,366
openssh-portable,2003-09-17,V_3_7_1_P1,306,11,365
openssh-portable,2003-09-16,V_3_7_P1,306,11,365
openssh-portable,2003-08-26,AFTER_KRB5_GSSAPI_MERGE,306,11,388
openssh-portable,2003-08-26,BEFORE_KRB5_GSSAPI_MERGE,307,11,384
openssh-portable,2003-08-02,POST_KRB4_REMOVAL,307,11,382
openssh-portable,2003-08-02,PRE_KRB4_REMOVAL,309,11,385
openssh-portable,2003-05-10,AFTER_FREEBSD_PAM_MERGE,308,11,375
openssh-portable,2003-05-10,BEFORE_FREEBSD_PAM_MERGE,309,11,377
openssh-portable,2003-04-29,V_3_6_1_P2,309,11,377
openssh-portable,2003-04-01,V_3_6_1_P1,309,11,377
openssh-portable,2003-03-26,V_3_6_P1,309,11,377
openssh-portable,2002-10-03,V_3_5_P1,307,11,363
openssh-portable,2002-06-26,V_3_4_P1,307,11,357
openssh-portable,2002-06-22,V_3_3_P1,307,11,357
openssh-portable,2002-05-22,V_3_2_3_P1,307,11,346
openssh-portable,2002-05-16,V_3_2_2_P1,307,11,346
openssh-portable,2002-04-12,PRE_SW_KRBV,307,10,307
openssh-portable,2002-03-07,V_3_1_P1,305,10,297
openssh-portable,2001-12-02,V_3_0_2_P1,304,9,289
openssh-portable,2001-11-15,V_3_0_1_P1,304,9,289
openssh-portable,2001-11-03,V_3_0_P1,304,9,289
openssh-portable,2001-09-26,V_2_9_9_P2,304,9,294
openssh-portable,2001-09-25,V_2_9_9_P1,304,9,294
openssh-portable,2001-06-17,V_2_9_P2,304,8,289
openssh-portable,2001-03-22,V_2_5_2_P2,303,8,278
openssh-portable,2001-03-20,V_2_5_2_P1,303,8,278
openssh-portable,2001-03-01,V_2_5_1_P2,304,8,276
openssh-portable,2001-02-19,V_2_5_1_P1,305,8,276
openssh-portable,2001-02-19,V_2_5_0_P1,305,8,276
openssh-portable,2001-01-31,PRE-REORDER,327,7,264
openssh-portable,2000-11-06,V_2_3_0_P1,327,6,234
openssh-portable,2000-09-05,PRE_CYGWIN_MERGE,318,4,205
openssh-portable,2000-09-02,V_2_2_0_P1,318,4,203
openssh-portable,2000-07-16,V_2_1_1_P4,317,3,192
openssh-portable,2000-07-12,V_2_1_1_P3,317,3,192
openssh-portable,2000-07-11,ABOUT_TO_ADD_INET_ATON,315,3,188
openssh-portable,2000-07-01,V_2_1_1_P2,314,3,186
openssh-portable,2000-06-09,V_2_1_1_P1,313,3,182
openssh-portable,2000-05-31,PRE_NEW_LOGIN_CODE,314,3,181
openssh-portable,2000-05-30,V_2_1_0_P3,314,3,181
openssh-portable,2000-05-20,V_2_1_0_P2,314,3,181
openssh-portable,2000-05-17,V_2_1_0_P1,314,3,179
openssh-portable,2000-05-09,V_2_1_0,313,3,178
openssh-portable,2000-05-08,V_2_0_0_BETA2,313,3,177
openssh-portable,2000-05-02,V_2_0_0_BETA1,312,3,175
openssh-portable,2000-04-30,V_2_0_0_TEST1,312,3,174
openssh-portable,2000-04-16,V_1_2_3_TEST3,309,3,166
openssh-portable,2000-04-03,V_1_2_3_TEST2,308,3,157
openssh-portable,2000-04-03,V_1_2_3_TEST1,308,3,157
openssh-portable,2000-03-24,V_1_2_3,307,3,144
openssh-portable,2000-03-18,V_1_2_3_PRE5,307,3,144
openssh-portable,2000-03-16,V_1_2_3_PRE4,307,3,144
openssh-portable,2000-03-15,V_1_2_3_PRE3,307,3,145
openssh-portable,2000-03-11,V_1_2_3_PRE2,307,3,137
openssh-portable,2000-03-11,V_1_2_3_PRE1,307,3,137
openssh-portable,2000-03-07,V_1_2_2_P1,307,3,137
openssh-portable,2000-01-27,V_1_2_2,306,3,135
openssh-portable,2000-01-26,V_1_2_2_PRE29,306,3,135
openssh-portable,2000-01-24,V_1_2_2_PRE28,306,3,135
openssh-portable,2000-01-17,V_1_2_1_PRE27,306,3,135
openssh-portable,2000-01-16,V_1_2_1_PRE26,306,3,135
openssh-portable,2000-01-11,PRE_IPV6,302,3,125
openssh-portable,2000-01-07,V_1_2_1_PRE25,302,3,125
openssh-portable,1999-12-31,V_1_2_1_PRE24,302,3,125
openssh-portable,1999-12-30,V_1_2_1_PRE23,302,3,125
openssh-portable,1999-12-28,V_1_2_1_PRE22,302,3,123
openssh-portable,1999-12-26,PRE_FIXPATHS_INTEGRATION,302,3,120
openssh-portable,1999-12-26,V_1_2_1_PRE21,302,3,120
openssh-portable,1999-12-25,V_1_2_1_PRE20,302,3,120
openssh-portable,1999-12-21,V_1_2_1_PRE19,302,3,120
openssh-portable,1999-12-21,PRE_HPUX_INTEGRATION,302,3,118
openssh-portable,1999-12-16,V_1_2_1_PRE18,302,3,118
openssh-portable,1999-12-09,V_1_2PRE17,302,3,118
openssh-portable,1999-12-07,V_1_2_PRE16,302,3,118
openssh-portable,1999-11-25,V_1_2_PRE15,302,3,117
openssh-portable,1999-11-22,V_1_2_PRE14,302,0,112
openssh-portable,1999-11-19,V_1_2_PRE13,301,0,110
openssh-portable,1999-11-15,V_1_2_PRE12,298,0,102
openssh-portable,1999-11-12,V_1_2_PRE11,298,0,102
openssh-portable,1999-11-12,V_1_2_PRE10,298,0,101
openssh-portable,1999-11-09,V_1_2_PRE9,298,0,100
openssh-portable,1999-11-08,V_1_2_PRE8,297,0,99
openssh-portable,1999-10-30,V_1_2_PRE7,297,0,98
openssh-portable,1999-10-29,V_1_2_PRE6,297,0,98
openssh-portable,1999-10-28,V_1_2_PRE5,297,0,99
openssh-portable,1999-10-28,V_1_2_PRE4,297,0,99
openssh-portable,1999-10-28,PRE_DAN_PATCH_MERGE,297,0,97
openssh-portable,1999-10-27,V_1_2_PRE3,297,0,97
pyramid,2017-06-27,1.9,462,258,1059
pyramid,2017-06-19,1.9b1,462,258,1059
pyramid,2017-05-09,1.9a2,462,258,1058
pyramid,2017-05-01,1.9a1,462,258,1058
pyramid,2017-01-17,1.8b1,462,258,1054
pyramid,2016-12-25,1.8a1,470,258,1053
pyramid,2016-04-16,1.7a1,472,255,985
pyramid,2015-04-14,1.6a1,493,231,946
pyramid,2014-04-08,1.5,495,230,931
pyramid,2014-02-08,1.5b1,495,230,950
pyramid,2014-01-28,1.5a4,495,230,950
pyramid,2013-12-10,1.5a3,495,230,967
pyramid,2013-09-22,1.5a2,490,181,793
pyramid,2013-08-30,1.5a1,498,188,821
pyramid,2012-12-18,1.4,489,155,726
pyramid,2012-12-10,1.4b3,489,155,726
pyramid,2012-12-10,1.4b2,489,155,726
pyramid,2012-11-21,1.4b1,489,155,726
pyramid,2012-11-14,1.4a4,489,154,725
pyramid,2012-10-26,1.4a3,489,154,726
pyramid,2012-09-27,1.4a2,489,154,726
pyramid,2012-09-16,1.4a1,489,154,726
pyramid,2012-03-21,1.3,490,152,716
pyramid,2012-03-17,1.3b3,490,152,715
pyramid,2012-03-02,1.3b2,496,152,713
pyramid,2012-02-26,1.3b1,497,152,714
pyramid,2012-02-22,1.3a9,497,152,714
pyramid,2012-02-19,1.3a8,497,150,712
pyramid,2012-02-08,1.3a7,497,150,711
pyramid,2012-01-20,1.3a6,497,150,709
pyramid,2012-01-05,1.3a4,497,150,709
pyramid,2011-12-21,1.3a3,497,150,709
pyramid,2011-12-09,1.3a1,497,151,706
pyramid,2011-09-12,1.2,498,142,666
pyramid,2011-09-11,1.2b3,498,142,666
pyramid,2011-09-08,1.2b2,498,141,665
pyramid,2011-09-08,1.2b1,498,141,665
pyramid,2011-09-06,1.2a6,498,138,660
pyramid,2011-09-04,1.2a5,498,136,658
pyramid,2011-09-02,1.2a4,498,136,658
pyramid,2011-08-29,1.2a3,534,127,642
pyramid,2011-08-27,1.2a2,532,125,638
pyramid,2011-08-24,1.2a1,532,125,636
pyramid,2011-07-21,1.1,535,121,610
pyramid,2011-07-18,1.1b4,536,122,609
pyramid,2011-07-15,1.1b3,536,122,609
pyramid,2011-07-13,1.1b2,536,122,607
pyramid,2011-07-10,1.1b1,536,122,606
pyramid,2011-07-01,1.1a4,535,121,605
pyramid,2011-06-26,1.1a3,531,117,555
pyramid,2011-06-22,1.1a2,531,117,555
pyramid,2011-06-20,1.1a1,531,105,543
pyramid,2011-01-30,1.0,528,98,529
pyramid,2011-01-28,1.0b3,528,100,529
pyramid,2011-01-24,1.0b2,527,100,528
pyramid,2011-01-21,1.0b1,527,100,528
pyramid,2011-01-18,1.0a10,527,100,502
pyramid,2011-01-08,1.0a9,538,122,628
pyramid,2010-12-27,1.0a8,538,123,548
pyramid,2010-12-20,1.0a7,543,127,569
pyramid,2010-12-15,1.0a6,544,127,568
pyramid,2010-12-15,1.0a5,542,126,566
pyramid,2010-11-21,1.0a4,536,125,553
pyramid,2010-11-16,1.0a3,536,126,554
pyramid,2010-11-09,0.2,536,126,552
pyramid,2010-11-05,1.0a1,536,126,552
redis,2011-06-24,with-deprecated-diskstore,105,22,234
redis,2011-03-23,3.0-alpha0,74,16,292
redis,2011-01-17,2.3-alpha0,73,16,289
redis,2010-12-15,2.2.0-rc1,71,16,284
redis,2010-11-30,2.2-alpha6,71,16,270
redis,2010-11-15,2.2-alpha5,71,16,268
redis,2010-11-05,2.2-alpha4,71,16,268
redis,2010-10-21,2.2-alpha3,61,12,241
redis,2010-09-09,2.2-alpha2,61,12,239
redis,2010-08-31,2.2-alpha1,61,12,239
redis,2010-07-31,2.2-alpha0,60,12,236
redis,2010-05-25,v2.1.1-watch,20,11,214
redis,2010-05-21,v2.0.0-rc1,20,11,213
redis,2010-05-16,v1.3.12,20,11,181
redis,2010-05-02,v1.3.11,20,4,161
redis,2010-04-21,v1.3.10,20,4,161
redis,2010-04-03,v1.3.9,20,4,161
redis,2010-03-29,v1.3.8,20,4,161
redis,2010-03-22,v1.3.7,20,4,159
redis,2010-03-18,1.3.6,20,4,159
redis,2010-01-23,vm-playpen,20,4,156
sqlite,2018-04-10,version-3.23.1,309,39,1717
sqlite,2018-04-02,version-3.23.0,309,39,1717
sqlite,2018-01-22,version-3.22.0,303,39,1700
sqlite,2017-10-24,version-3.21.0,294,35,1664
sqlite,2017-09-04,l,289,34,1651
sqlite,2017-05-25,version-3.19.2,289,31,1580
sqlite,2017-05-24,version-3.19.1,289,31,1580
sqlite,2017-05-22,version-3.19.0,289,31,1580
sqlite,2017-01-02,version-3.16.0,289,31,1541
sqlite,2016-10-14,version-3.15.0,289,31,1525
sqlite,2016-08-08,version-3.14.0,289,31,1509
sqlite,2016-05-18,version-3.13.0,289,31,1488
sqlite,2016-03-29,version-3.12.0,289,30,1459
sqlite,2016-03-03,version-3.11.1,290,28,1427
sqlite,2016-02-15,version-3.11.0,290,28,1427
sqlite,2016-01-06,version-3.10.0,290,28,1406
sqlite,2015-10-16,version-3.9.1,291,28,1390
sqlite,2015-10-14,version-3.9.0,291,28,1390
sqlite,2015-07-29,version-3.8.11.1,292,28,1366
sqlite,2015-07-27,version-3.8.11,292,28,1366
sqlite,2015-05-09,version-3.8.10.1,292,24,1256
sqlite,2015-05-07,version-3.8.10,292,24,1256
sqlite,2015-04-08,version-3.8.9,293,24,1249
sqlite,2015-01-16,version-3.8.8,293,24,1236
sqlite,2014-10-29,version-3.8.7.1,293,24,1204
sqlite,2014-10-17,version-3.8.7,293,24,1204
sqlite,2014-08-15,version-3.8.6,293,23,1186
sqlite,2014-06-04,version-3.8.5,293,23,1173
sqlite,2014-03-11,version-3.8.4.1,293,23,1156
sqlite,2014-03-10,version-3.8.4,293,23,1155
sqlite,2014-02-03,version-3.8.3,293,23,1152
sqlite,2013-12-06,version-3.8.2,293,23,1145
sqlite,2013-10-17,version-3.8.1,293,23,1126
sqlite,2013-08-26,version-3.8.0,294,23,1105
sqlite,2013-05-20,version-3.7.17,293,18,1065
sqlite,2013-04-12,version-3.7.16.2,297,16,1041
sqlite,2013-03-29,version-3.7.16.1,297,16,1041
sqlite,2013-03-18,version-3.7.16,297,16,1038
sqlite,2012-12-12,version-3.7.15,296,16,1025
sqlite,2012-09-03,version-3.7.14,296,16,1014
sqlite,2012-06-11,version-3.7.13,298,15,1005
sqlite,2012-05-22,version-3.7.12.1,298,14,998
sqlite,2012-05-14,version-3.7.12,298,14,997
sqlite,2012-03-20,version-3.7.11,297,13,992
sqlite,2012-01-16,version-3.7.10,297,13,987
sqlite,2011-11-01,version-3.7.9,297,13,974
sqlite,2011-09-19,version-3.7.8,297,13,963
sqlite,2011-06-23,version-3.7.7,297,13,949
sqlite,2011-04-13,version-3.7.6.1,297,13,929
sqlite,2011-04-12,version-3.7.6,297,13,929
sqlite,2011-02-01,version-3.7.5,295,13,898
sqlite,2010-12-07,version-3.7.4,295,13,894
sqlite,2010-09-24,experimental,295,13,863
sqlite,2010-08-24,version-3.7.2,295,13,846
sqlite,2009-11-19,fts3-refactor,294,13,772
sqlite,2009-08-12,cvs-to-fossil-cutover,295,13,742
sqlite,2009-06-15,version-3.6.15,294,13,734
sqlite,2009-01-15,version-3.6.10,295,12,697
